"index","x0","x1","x2","x3","x4","x5","x6","x7","x8","x9","x10","type","chain","x11","x12","v_a_gene","j_a_gene","v_b_gene","j_b_gene","cluster_id","restriction","x13","x14","x15","x16","x17"
"A",0,-0.0220133680655716,-0.0179511284772302,0,-0.0208333333333333,0,0,0,0,-0.0179511284772302,0,"raw","a",NA,NA,NA,NA,NA,NA,0,"A*02:01",NA,NA,NA,NA,NA
"R",0,0,0,0,0.848444423063753,0.0108107427038551,0,-0.0179511284772302,0,3.01093553318904,0,"raw","a",NA,NA,NA,NA,NA,NA,0,"A*02:01",NA,NA,NA,NA,NA
"N",0,0,0,4.33508020788797,0.483735019768201,0.731369090329879,2.22095703786694,-0.0162489583533654,0,-0.0179511284772302,0,"raw","a",NA,NA,NA,NA,NA,NA,0,"A*02:01",NA,NA,NA,NA,NA
"D",0,0,0,0,0,0.219418994734209,0.848444423063753,3.56161650172103,0,0,0,"raw","a",NA,NA,NA,NA,NA,NA,0,"A*02:01",NA,NA,NA,NA,NA
"C",4.58496250072116,0,0,0,0,0,0,0,0,0,0,"raw","a",NA,NA,NA,NA,NA,NA,0,"A*02:01",NA,NA,NA,NA,NA
"Q",0,0,0,0,-0.0220133680655716,0,0,-0.0179511284772302,0,0,0,"raw","a",NA,NA,NA,NA,NA,NA,0,"A*02:01",NA,NA,NA,NA,NA
"E",0,0,0,0,0.0833333333333333,0.0667997242852608,-0.0162489583533654,0,0,0,0,"raw","a",NA,NA,NA,NA,NA,NA,0,"A*02:01",NA,NA,NA,NA,NA
"G",0,0,0,0,0.0667997242852608,0.618411236582176,-0.0162489583533654,0,0,0,0,"raw","a",NA,NA,NA,NA,NA,NA,0,"A*02:01",NA,NA,NA,NA,NA
"H",0,0,0,0,0,-0.0179511284772302,0,0,0,0,0,"raw","a",NA,NA,NA,NA,NA,NA,0,"A*02:01",NA,NA,NA,NA,NA
"I",0,0,0,0,0,0,0,0,-0.0162489583533654,0.263572592800067,0,"raw","a",NA,NA,NA,NA,NA,NA,0,"A*02:01",NA,NA,NA,NA,NA
"L",0,0,0,0,-0.0208333333333333,0.0230576388488246,0,0,0.510043389580815,0,0,"raw","a",NA,NA,NA,NA,NA,NA,0,"A*02:01",NA,NA,NA,NA,NA
"K",0,0,0,0,0.0667997242852608,-0.00913313909145117,0,0.177378512423584,0,0,0,"raw","a",NA,NA,NA,NA,NA,NA,0,"A*02:01",NA,NA,NA,NA,NA
"M",0,0,0,0,0,-0.0208333333333333,0,-0.0220133680655716,3.12744375108173,-0.0208333333333333,0,"raw","a",NA,NA,NA,NA,NA,NA,0,"A*02:01",NA,NA,NA,NA,NA
"F",0,0,0,0,0,-0.00913313909145117,0,0,-0.0179511284772302,-0.0179511284772302,4.58496250072116,"raw","a",NA,NA,NA,NA,NA,NA,0,"A*02:01",NA,NA,NA,NA,NA
"P",0,0,0,0,0,0,0,0,0,0,0,"raw","a",NA,NA,NA,NA,NA,NA,0,"A*02:01",NA,NA,NA,NA,NA
"S",0,0,-0.0179511284772302,-0.0179511284772302,0.0108107427038551,-0.0179511284772302,0,0,0,-0.0220133680655716,0,"raw","a",NA,NA,NA,NA,NA,NA,0,"A*02:01",NA,NA,NA,NA,NA
"T",0,0,0,0,0,0,0.0365601562950723,0,0,-0.00913313909145117,0,"raw","a",NA,NA,NA,NA,NA,NA,0,"A*02:01",NA,NA,NA,NA,NA
"W",0,0,0,0,-0.0179511284772302,0,0,0,0,0,0,"raw","a",NA,NA,NA,NA,NA,NA,0,"A*02:01",NA,NA,NA,NA,NA
"Y",0,0,0,0,0,-0.0208333333333333,0,0,0,-0.0179511284772302,0,"raw","a",NA,NA,NA,NA,NA,NA,0,"A*02:01",NA,NA,NA,NA,NA
"V",0,4.50138483241153,4.50138483241153,0,-0.0208333333333333,-0.0179511284772302,0,0,0,-0.0162489583533654,0,"raw","a",NA,NA,NA,NA,NA,NA,0,"A*02:01",NA,NA,NA,NA,NA
"B",0,0,0,0,0,0,0,0,0,0,0,"raw","a",NA,NA,NA,NA,NA,NA,0,"A*02:01",NA,NA,NA,NA,NA
"Z",0,0,0,0,0,0,0,0,0,0,0,"raw","a",NA,NA,NA,NA,NA,NA,0,"A*02:01",NA,NA,NA,NA,NA
"X",0,0,0,0,0,0,0,0,0,0,0,"raw","a",NA,NA,NA,NA,NA,NA,0,"A*02:01",NA,NA,NA,NA,NA
"-",0,0,0,-0.00913313909145117,0,0,0,0,0,0,0,"raw","a",NA,NA,NA,NA,NA,NA,0,"A*02:01",NA,NA,NA,NA,NA
"A",0,0.0021445219952827,-0.0109565485708894,0,-0.00492467436191274,0.161402882337213,0,0,0,-8.3005574734483e-05,0,"subtracted","a",NA,NA,NA,NA,NA,NA,0,"A*02:01",NA,NA,NA,NA,NA
"R",0,0,0,0,0.93203656214015,0.0200255635616176,0,-0.0120355533825086,0,0.00085051759693002,0,"subtracted","a",NA,NA,NA,NA,NA,NA,0,"A*02:01",NA,NA,NA,NA,NA
"N",0,0,0,1.46584337899867,-0.209829908044561,-0.295962935988517,-0.142632145982207,0.00243994352003791,0,-8.3005574734483e-05,0,"subtracted","a",NA,NA,NA,NA,NA,NA,0,"A*02:01",NA,NA,NA,NA,NA
"D",0,0,0,0,0.00060313843816164,0.121548067638744,0.832956309109232,-0.00361192963357298,0,0,0,"subtracted","a",NA,NA,NA,NA,NA,NA,0,"A*02:01",NA,NA,NA,NA,NA
"C",0.00230230653824675,0,0,0,0,0,0,0,0,0,0,"subtracted","a",NA,NA,NA,NA,NA,NA,0,"A*02:01",NA,NA,NA,NA,NA
"Q",0,0,0,0,-0.00815779162180101,0,0,-0.00047213081719509,0,0,0,"subtracted","a",NA,NA,NA,NA,NA,NA,0,"A*02:01",NA,NA,NA,NA,NA
"E",0,0,0,0,0.149369110677744,0.574500040117833,0.240173852221945,0,0,0,0,"subtracted","a",NA,NA,NA,NA,NA,NA,0,"A*02:01",NA,NA,NA,NA,NA
"G",0,0,0,0,-0.0162595668182595,0.445527442401746,-0.00959064350237961,0,0,0,0,"subtracted","a",NA,NA,NA,NA,NA,NA,0,"A*02:01",NA,NA,NA,NA,NA
"H",0,0,0,0,0,-0.0119144798176751,0,0,0,0,0,"subtracted","a",NA,NA,NA,NA,NA,NA,0,"A*02:01",NA,NA,NA,NA,NA
"I",0,0,0,0,0.159954323247184,0,0,0,-3.33262906914188e-05,0.00025019984729591,0,"subtracted","a",NA,NA,NA,NA,NA,NA,0,"A*02:01",NA,NA,NA,NA,NA
"L",0,0,0,0,-0.012402652220411,0.0400803431324582,0,0,0.00414504626396092,0,0,"subtracted","a",NA,NA,NA,NA,NA,NA,0,"A*02:01",NA,NA,NA,NA,NA
"K",0,0,0,0,0.0977122216993092,0.0787412172477882,0,0.135839297316225,0,0,0,"subtracted","a",NA,NA,NA,NA,NA,NA,0,"A*02:01",NA,NA,NA,NA,NA
"M",0,0,0,0,0.154485801027257,0.17148377459815,0,0.00248129347093099,-0.00159914498816617,0.00288466749565276,0,"subtracted","a",NA,NA,NA,NA,NA,NA,0,"A*02:01",NA,NA,NA,NA,NA
"F",0,0,0,0,0,0.00729040139412037,0,0,-8.3005574734483e-05,-8.3005574734483e-05,0.00230230653824675,"subtracted","a",NA,NA,NA,NA,NA,NA,0,"A*02:01",NA,NA,NA,NA,NA
"P",0,0,0,0,0,0,0,0,0,0,0,"subtracted","a",NA,NA,NA,NA,NA,NA,0,"A*02:01",NA,NA,NA,NA,NA
"S",0,0,0.00779650502731261,-0.0195643450922302,-0.0317723910750434,-0.0153375673838209,0,0,0,-6.65695998458241e-05,0,"subtracted","a",NA,NA,NA,NA,NA,NA,0,"A*02:01",NA,NA,NA,NA,NA
"T",0,0,0,0,0,0,-0.0391724884010242,0,0,-1.66673027019672e-05,0,"subtracted","a",NA,NA,NA,NA,NA,NA,0,"A*02:01",NA,NA,NA,NA,NA
"W",0,0,0,0,0.0300300735076574,0,0,0,0,0,0,"subtracted","a",NA,NA,NA,NA,NA,NA,0,"A*02:01",NA,NA,NA,NA,NA
"Y",0,0,0,0,0,-0.013634899846421,0,0,0,-8.3005574734483e-05,0,"subtracted","a",NA,NA,NA,NA,NA,NA,0,"A*02:01",NA,NA,NA,NA,NA
"V",0,0.0474590874178751,0.256629915653777,0,0.0654949654054343,0.0075810404743916,0,0,0,-3.33262906914188e-05,0,"subtracted","a",NA,NA,NA,NA,NA,NA,0,"A*02:01",NA,NA,NA,NA,NA
"B",0,0,0,0,0,0,0,0,0,0,0,"subtracted","a",NA,NA,NA,NA,NA,NA,0,"A*02:01",NA,NA,NA,NA,NA
"Z",0,0,0,0,0,0,0,0,0,0,0,"subtracted","a",NA,NA,NA,NA,NA,NA,0,"A*02:01",NA,NA,NA,NA,NA
"X",0,0,0,0,0,0,0,0,0,0,0,"subtracted","a",NA,NA,NA,NA,NA,NA,0,"A*02:01",NA,NA,NA,NA,NA
"-",0,0,0,-0.102402267520814,0,0,0,0,0,0,0,"subtracted","a",NA,NA,NA,NA,NA,NA,0,"A*02:01",NA,NA,NA,NA,NA
"A",0,4.08781231708419,-0.00913313909145117,-0.0179511284772302,0,0.100702804350411,0,0,0,0,-0.0179511284772302,"raw","b",0,0,NA,NA,NA,NA,0,"A*02:01",NA,NA,NA,NA,NA
"R",0,0,-0.0162489583533654,-0.0220133680655716,-0.0220133680655716,0.0833333333333333,0,0,0,0,0,"raw","b",0,0,NA,NA,NA,NA,0,"A*02:01",NA,NA,NA,NA,NA
"N",0,0,-0.0179511284772302,-0.0208333333333333,0.0511781662615421,0,4.04686337227038,0,-0.0179511284772302,0,0,"raw","b",0,0,NA,NA,NA,NA,0,"A*02:01",NA,NA,NA,NA,NA
"D",0,0,0,-0.0179511284772302,1.58557282520876,-0.0179511284772302,0.0667997242852608,-0.0179511284772302,0,0,0,"raw","b",0,0,NA,NA,NA,NA,0,"A*02:01",NA,NA,NA,NA,NA
"C",4.58496250072116,0,0,-0.0179511284772302,0,0,0,0,0,0,0,"raw","b",0,0,NA,NA,NA,NA,0,"A*02:01",NA,NA,NA,NA,NA
"Q",0,0,-0.0179511284772302,0.731369090329879,0.0833333333333333,0.100702804350411,0,0,0,0,-0.0208333333333333,"raw","b",0,0,NA,NA,NA,NA,0,"A*02:01",NA,NA,NA,NA,NA
"E",0,0,0,-0.0208333333333333,0.483735019768201,0,0,0,0,4.45970158393435,0,"raw","b",0,0,NA,NA,NA,NA,0,"A*02:01",NA,NA,NA,NA,NA
"G",0,-0.0179511284772302,0.0108107427038551,0.241245221411973,0.15722638880876,0,-0.0179511284772302,-0.0179511284772302,4.45970158393435,-0.0179511284772302,0,"raw","b",0,0,NA,NA,NA,NA,0,"A*02:01",NA,NA,NA,NA,NA
"H",0,0,0,-0.0179511284772302,0,0,0,0,0,0,0,"raw","b",0,0,NA,NA,NA,NA,0,"A*02:01",NA,NA,NA,NA,NA
"I",0,0,-0.0208333333333333,-0.0208333333333333,0,-0.0208333333333333,0,0,0,0,-0.0179511284772302,"raw","b",0,0,NA,NA,NA,NA,0,"A*02:01",NA,NA,NA,NA,NA
"L",0,0,0,0,-0.0179511284772302,1.25315260829751,0,0,-0.0220133680655716,0,4.33508020788797,"raw","b",0,0,NA,NA,NA,NA,0,"A*02:01",NA,NA,NA,NA,NA
"K",0,0,0,-0.0220133680655716,0,0,0,0,0,0,0,"raw","b",0,0,NA,NA,NA,NA,0,"A*02:01",NA,NA,NA,NA,NA
"M",0,0,0,-0.0179511284772302,0,-0.00913313909145117,0,0,0,0,0,"raw","b",0,0,NA,NA,NA,NA,0,"A*02:01",NA,NA,NA,NA,NA
"F",0,0,0,-0.0179511284772302,0,0,0,0,0,0,0,"raw","b",4.41808939077315,4.58496250072116,NA,NA,NA,NA,0,"A*02:01",NA,NA,NA,NA,NA
"P",0,0,0,0,0,-0.0208333333333333,0,0,0,0,0,"raw","b",0,0,NA,NA,NA,NA,0,"A*02:01",NA,NA,NA,NA,NA
"S",0,0.0365601562950723,2.59128386798548,1.06211586425471,-0.00913313909145117,0.0511781662615421,0,0.0108107427038551,0,0,0,"raw","b",0,0,NA,NA,NA,NA,0,"A*02:01",NA,NA,NA,NA,NA
"T",0,0,0.263572592800067,0.100702804350411,0,0.0230576388488246,-0.0179511284772302,4.21111227780907,0,-0.0179511284772302,0,"raw","b",-0.0179511284772302,0,NA,NA,NA,NA,0,"A*02:01",NA,NA,NA,NA,NA
"W",0,0,0,-0.0179511284772302,0,0,0,0,0,0,0,"raw","b",0,0,NA,NA,NA,NA,0,"A*02:01",NA,NA,NA,NA,NA
"Y",0,0,-0.0179511284772302,0,0,-0.0179511284772302,0,0,0,0,-0.0179511284772302,"raw","b",-0.0208333333333333,0,NA,NA,NA,NA,0,"A*02:01",NA,NA,NA,NA,NA
"V",0,-0.0179511284772302,-0.0162489583533654,-0.0220133680655716,0,-0.0162489583533654,0,0,0,-0.0179511284772302,0,"raw","b",0,0,NA,NA,NA,NA,0,"A*02:01",NA,NA,NA,NA,NA
"B",0,0,0,0,0,0,0,0,0,0,0,"raw","b",0,0,NA,NA,NA,NA,0,"A*02:01",NA,NA,NA,NA,NA
"Z",0,0,0,0,0,0,0,0,0,0,0,"raw","b",0,0,NA,NA,NA,NA,0,"A*02:01",NA,NA,NA,NA,NA
"X",0,0,0,0,0,0,0,0,0,0,0,"raw","b",0,0,NA,NA,NA,NA,0,"A*02:01",NA,NA,NA,NA,NA
"-",0,-0.0179511284772302,-0.0208333333333333,0,-0.0220133680655716,-0.0208333333333333,0,0,0,0,0,"raw","b",0,0,NA,NA,NA,NA,0,"A*02:01",NA,NA,NA,NA,NA
"A",0,-0.0477378707398009,0.0326486381356773,-0.0137461816880169,0,0.0250900108464876,0,0,0,0,-0.00027945727217492,"subtracted","b",0,0,NA,NA,NA,NA,0,"A*02:01",NA,NA,NA,NA,NA
"R",0,0,0.0427148395336628,-0.0338133173280319,-0.0219130971417788,0.0116488161989648,0,0,0,0,0,"subtracted","b",0,0,NA,NA,NA,NA,0,"A*02:01",NA,NA,NA,NA,NA
"N",0,0,0.0151862990371717,0.0275902205229722,0.169765612418082,0,1.18020797270867,0,0.00513450058598271,0,0,"subtracted","b",0,0,NA,NA,NA,NA,0,"A*02:01",NA,NA,NA,NA,NA
"D",0,0,0,0.0241412061010258,0.735099343790639,0.0282034456893672,0.0339099597875607,-0.00221892781022262,0,0,0,"subtracted","b",0,0,NA,NA,NA,NA,0,"A*02:01",NA,NA,NA,NA,NA
"C",0.00230230653824675,0,0,0.0253212408332641,0,0,0,0,0,0,0,"subtracted","b",0,0,NA,NA,NA,NA,0,"A*02:01",NA,NA,NA,NA,NA
"Q",0,0,0.0300300735076574,1.4562903461098,0.0366715243463472,0.116831211911462,0,0,0,0,0.00045349614754657,"subtracted","b",0,0,NA,NA,NA,NA,0,"A*02:01",NA,NA,NA,NA,NA
"E",0,0,0,0.0577456158765393,0.236739947498435,0.134634215862966,0,0,0,0.00025007327052914,0,"subtracted","b",0,0,NA,NA,NA,NA,0,"A*02:01",NA,NA,NA,NA,NA
"G",0,0.0461545741665974,0.123799035035235,0.266435864642615,-0.0682956504080973,-0.017418124866922,-0.0334780371799703,-0.0091232170283198,0.0214158636203672,0.0105345532155907,0,"subtracted","b",0,0,NA,NA,NA,NA,0,"A*02:01",NA,NA,NA,NA,NA
"H",0,0,0,0.0166550775454614,0,0,0,0,0,0,0,"subtracted","b",0,0,NA,NA,NA,NA,0,"A*02:01",NA,NA,NA,NA,NA
"I",0,0,0.0829852847347417,0.0227431214231748,0,-0.0160748715603306,0,0,0,0,-0.00018171293042685,"subtracted","b",0,0,NA,NA,NA,NA,0,"A*02:01",NA,NA,NA,NA,NA
"L",0,0,0,0,-0.00018171293042685,0.117800010728981,0,0,0.0841846691565121,0,0.00250277528884866,"subtracted","b",0,0,NA,NA,NA,NA,0,"A*02:01",NA,NA,NA,NA,NA
"K",0,0,0,0.00064369219170696,0,0,0,0,0,0,0,"subtracted","b",0,0,NA,NA,NA,NA,0,"A*02:01",NA,NA,NA,NA,NA
"M",0,0,0,0.0143145568004783,0,0.0638508249282092,0,0,0,0,0,"subtracted","b",0,0,NA,NA,NA,NA,0,"A*02:01",NA,NA,NA,NA,NA
"F",0,0,0,0.0197146094300863,0,0,0,0,0,0,0,"subtracted","b",0.00203522510755309,0.00230230653824675,NA,NA,NA,NA,0,"A*02:01",NA,NA,NA,NA,NA
"P",0,0,0,0,0,-0.00083837181652477,0,0,0,0,0,"subtracted","b",0,0,NA,NA,NA,NA,0,"A*02:01",NA,NA,NA,NA,NA
"S",0,0.0760169274528259,-0.225025759220225,-0.374204642238296,-0.0347388895249242,0.0596987720902238,0,0.00403113449085353,0,0,0,"subtracted","b",0,0,NA,NA,NA,NA,0,"A*02:01",NA,NA,NA,NA,NA
"T",0,0,0.0756787281141466,0.0953946817054204,0,-0.0310173591255097,-0.0102987801177426,0.288247999692513,0,0.039210129722153,0,"subtracted","b",0.00582572054119739,0,NA,NA,NA,NA,0,"A*02:01",NA,NA,NA,NA,NA
"W",0,0,0,0.0111240594488304,0,0,0,0,0,0,0,"subtracted","b",0,0,NA,NA,NA,NA,0,"A*02:01",NA,NA,NA,NA,NA
"Y",0,0,0.0322656852777085,0,0,-0.0150522396612987,0,0,0,0,0.0030333702386186,"subtracted","b",-0.00406340779147734,0,NA,NA,NA,NA,0,"A*02:01",NA,NA,NA,NA,NA
"V",0,0.0461545741665974,0.0529108803774689,0.00127319205989433,0,-0.0337021140664618,0,0,0,0.0300300735076574,0,"subtracted","b",0,0,NA,NA,NA,NA,0,"A*02:01",NA,NA,NA,NA,NA
"B",0,0,0,0,0,0,0,0,0,0,0,"subtracted","b",0,0,NA,NA,NA,NA,0,"A*02:01",NA,NA,NA,NA,NA
"Z",0,0,0,0,0,0,0,0,0,0,0,"subtracted","b",0,0,NA,NA,NA,NA,0,"A*02:01",NA,NA,NA,NA,NA
"X",0,0,0,0,0,0,0,0,0,0,0,"subtracted","b",0,0,NA,NA,NA,NA,0,"A*02:01",NA,NA,NA,NA,NA
"-",0,-0.0110896896075203,0.031318765128083,0,-0.0567781604459211,-0.0468239258075954,0,0,0,0,0,"subtracted","b",0,0,NA,NA,NA,NA,0,"A*02:01",NA,NA,NA,NA,NA
"399",NA,NA,NA,NA,NA,NA,NA,NA,NA,NA,NA,"gene_usage",NA,NA,NA,"TRAV12-1*01","TRAJ43*01","TRBV3-1*01","TRBJ2-2*01",0,"A*02:01",NA,NA,NA,NA,NA
"401",NA,NA,NA,NA,NA,NA,NA,NA,NA,NA,NA,"gene_usage",NA,NA,NA,"TRAV12-1*01","TRAJ43*01","TRBV2*01","TRBJ2-2*01",0,"A*02:01",NA,NA,NA,NA,NA
"404",NA,NA,NA,NA,NA,NA,NA,NA,NA,NA,NA,"gene_usage",NA,NA,NA,"TRAV12-1*01","TRAJ43*01","TRBV5-1*01","TRBJ2-2*01",0,"A*02:01",NA,NA,NA,NA,NA
"406",NA,NA,NA,NA,NA,NA,NA,NA,NA,NA,NA,"gene_usage",NA,NA,NA,"TRAV12-1*01","TRAJ20*01","TRBV7-9*01","TRBJ2-2*01",0,"A*02:01",NA,NA,NA,NA,NA
"408",NA,NA,NA,NA,NA,NA,NA,NA,NA,NA,NA,"gene_usage",NA,NA,NA,"TRAV12-1*01","TRAJ47*01","TRBV2*01","TRBJ2-2*01",0,"A*02:01",NA,NA,NA,NA,NA
"409",NA,NA,NA,NA,NA,NA,NA,NA,NA,NA,NA,"gene_usage",NA,NA,NA,"TRAV12-1*01","TRAJ43*01","TRBV5-1*01","TRBJ2-2*01",0,"A*02:01",NA,NA,NA,NA,NA
"411",NA,NA,NA,NA,NA,NA,NA,NA,NA,NA,NA,"gene_usage",NA,NA,NA,"TRAV12-1*01","TRAJ31*01","TRBV9*01","TRBJ2-2*01",0,"A*02:01",NA,NA,NA,NA,NA
"414",NA,NA,NA,NA,NA,NA,NA,NA,NA,NA,NA,"gene_usage",NA,NA,NA,"TRAV12-1*01","TRAJ43*01","TRBV2*01","TRBJ2-2*01",0,"A*02:01",NA,NA,NA,NA,NA
"415",NA,NA,NA,NA,NA,NA,NA,NA,NA,NA,NA,"gene_usage",NA,NA,NA,"TRAV12-1*01","TRAJ43*01","TRBV19*01","TRBJ2-2*01",0,"A*02:01",NA,NA,NA,NA,NA
"422",NA,NA,NA,NA,NA,NA,NA,NA,NA,NA,NA,"gene_usage",NA,NA,NA,"TRAV12-1*01","TRAJ43*01","TRBV5-1*01","TRBJ2-2*01",0,"A*02:01",NA,NA,NA,NA,NA
"424",NA,NA,NA,NA,NA,NA,NA,NA,NA,NA,NA,"gene_usage",NA,NA,NA,"TRAV12-1*01","TRAJ43*01","TRBV7-9*01","TRBJ2-1*01",0,"A*02:01",NA,NA,NA,NA,NA
"425",NA,NA,NA,NA,NA,NA,NA,NA,NA,NA,NA,"gene_usage",NA,NA,NA,"TRAV12-1*01","TRAJ43*01","TRBV2*01","TRBJ2-2*01",0,"A*02:01",NA,NA,NA,NA,NA
"427",NA,NA,NA,NA,NA,NA,NA,NA,NA,NA,NA,"gene_usage",NA,NA,NA,"TRAV12-1*01","TRAJ43*01","TRBV6-1*01","TRBJ2-2*01",0,"A*02:01",NA,NA,NA,NA,NA
"429",NA,NA,NA,NA,NA,NA,NA,NA,NA,NA,NA,"gene_usage",NA,NA,NA,"TRAV12-1*01","TRAJ31*01","TRBV7-9*01","TRBJ2-2*01",0,"A*02:01",NA,NA,NA,NA,NA
"430",NA,NA,NA,NA,NA,NA,NA,NA,NA,NA,NA,"gene_usage",NA,NA,NA,"TRAV12-1*01","TRAJ43*01","TRBV7-9*01","TRBJ2-2*01",0,"A*02:01",NA,NA,NA,NA,NA
"433",NA,NA,NA,NA,NA,NA,NA,NA,NA,NA,NA,"gene_usage",NA,NA,NA,"TRAV12-1*01","TRAJ43*01","TRBV2*01","TRBJ2-2*01",0,"A*02:01",NA,NA,NA,NA,NA
"434",NA,NA,NA,NA,NA,NA,NA,NA,NA,NA,NA,"gene_usage",NA,NA,NA,"TRAV12-1*01","TRAJ39*01","TRBV6-6*01","TRBJ2-2*01",0,"A*02:01",NA,NA,NA,NA,NA
"437",NA,NA,NA,NA,NA,NA,NA,NA,NA,NA,NA,"gene_usage",NA,NA,NA,"TRAV12-1*01","TRAJ43*01","TRBV5-1*01","TRBJ2-2*01",0,"A*02:01",NA,NA,NA,NA,NA
"439",NA,NA,NA,NA,NA,NA,NA,NA,NA,NA,NA,"gene_usage",NA,NA,NA,"TRAV12-1*01","TRAJ34*01","TRBV7-9*01","TRBJ2-2*01",0,"A*02:01",NA,NA,NA,NA,NA
"441",NA,NA,NA,NA,NA,NA,NA,NA,NA,NA,NA,"gene_usage",NA,NA,NA,"TRAV12-1*01","TRAJ43*01","TRBV20-1*01","TRBJ2-2*01",0,"A*02:01",NA,NA,NA,NA,NA
"444",NA,NA,NA,NA,NA,NA,NA,NA,NA,NA,NA,"gene_usage",NA,NA,NA,"TRAV12-1*01","TRAJ43*01","TRBV5-1*01","TRBJ2-2*01",0,"A*02:01",NA,NA,NA,NA,NA
"445",NA,NA,NA,NA,NA,NA,NA,NA,NA,NA,NA,"gene_usage",NA,NA,NA,"TRAV12-1*01","TRAJ43*01","TRBV6-5*01","TRBJ2-2*01",0,"A*02:01",NA,NA,NA,NA,NA
"447",NA,NA,NA,NA,NA,NA,NA,NA,NA,NA,NA,"gene_usage",NA,NA,NA,"TRAV12-1*01","TRAJ43*01","TRBV7-8*01","TRBJ2-2*01",0,"A*02:01",NA,NA,NA,NA,NA
"448",NA,NA,NA,NA,NA,NA,NA,NA,NA,NA,NA,"gene_usage",NA,NA,NA,"TRAV12-1*01","TRAJ43*01","TRBV2*01","TRBJ2-2*01",0,"A*02:01",NA,NA,NA,NA,NA
"450",NA,NA,NA,NA,NA,NA,NA,NA,NA,NA,NA,"gene_usage",NA,NA,NA,"TRAV12-1*01","TRAJ43*01","TRBV24-1*01","TRBJ2-2*01",0,"A*02:01",NA,NA,NA,NA,NA
"451",NA,NA,NA,NA,NA,NA,NA,NA,NA,NA,NA,"gene_usage",NA,NA,NA,"TRAV12-1*01","TRAJ30*01","TRBV29-1*01","TRBJ2-7*01",0,"A*02:01",NA,NA,NA,NA,NA
"452",NA,NA,NA,NA,NA,NA,NA,NA,NA,NA,NA,"gene_usage",NA,NA,NA,"TRAV12-1*01","TRAJ43*01","TRBV19*01","TRBJ2-2*01",0,"A*02:01",NA,NA,NA,NA,NA
"453",NA,NA,NA,NA,NA,NA,NA,NA,NA,NA,NA,"gene_usage",NA,NA,NA,"TRAV12-1*01","TRAJ43*01","TRBV19*01","TRBJ2-2*01",0,"A*02:01",NA,NA,NA,NA,NA
"454",NA,NA,NA,NA,NA,NA,NA,NA,NA,NA,NA,"gene_usage",NA,NA,NA,"TRAV12-1*01","TRAJ43*01","TRBV6-5*01","TRBJ2-2*01",0,"A*02:01",NA,NA,NA,NA,NA
"455",NA,NA,NA,NA,NA,NA,NA,NA,NA,NA,NA,"gene_usage",NA,NA,NA,"TRAV12-1*01","TRAJ43*01","TRBV19*01","TRBJ2-2*01",0,"A*02:01",NA,NA,NA,NA,NA
"456",NA,NA,NA,NA,NA,NA,NA,NA,NA,NA,NA,"gene_usage",NA,NA,NA,"TRAV12-1*01","TRAJ43*01","TRBV19*01","TRBJ2-2*01",0,"A*02:01",NA,NA,NA,NA,NA
"457",NA,NA,NA,NA,NA,NA,NA,NA,NA,NA,NA,"gene_usage",NA,NA,NA,"TRAV12-1*01","TRAJ43*01","TRBV4-2*01","TRBJ2-2*01",0,"A*02:01",NA,NA,NA,NA,NA
"458",NA,NA,NA,NA,NA,NA,NA,NA,NA,NA,NA,"gene_usage",NA,NA,NA,"TRAV12-1*01","TRAJ34*01","TRBV7-9*01","TRBJ2-2*01",0,"A*02:01",NA,NA,NA,NA,NA
"459",NA,NA,NA,NA,NA,NA,NA,NA,NA,NA,NA,"gene_usage",NA,NA,NA,"TRAV12-1*01","TRAJ36*01","TRBV2*01","TRBJ2-2*01",0,"A*02:01",NA,NA,NA,NA,NA
"460",NA,NA,NA,NA,NA,NA,NA,NA,NA,NA,NA,"gene_usage",NA,NA,NA,"TRAV12-1*01","TRAJ43*01","TRBV6-5*01","TRBJ2-2*01",0,"A*02:01",NA,NA,NA,NA,NA
"462",NA,NA,NA,NA,NA,NA,NA,NA,NA,NA,NA,"gene_usage",NA,NA,NA,"TRAV12-1*01","TRAJ43*01","TRBV2*01","TRBJ2-2*01",0,"A*02:01",NA,NA,NA,NA,NA
"463",NA,NA,NA,NA,NA,NA,NA,NA,NA,NA,NA,"gene_usage",NA,NA,NA,"TRAV12-1*01","TRAJ43*01","TRBV20-1*01","TRBJ2-2*01",0,"A*02:01",NA,NA,NA,NA,NA
"468",NA,NA,NA,NA,NA,NA,NA,NA,NA,NA,NA,"gene_usage",NA,NA,NA,"TRAV12-1*01","TRAJ43*01","TRBV2*01","TRBJ2-2*01",0,"A*02:01",NA,NA,NA,NA,NA
"470",NA,NA,NA,NA,NA,NA,NA,NA,NA,NA,NA,"gene_usage",NA,NA,NA,"TRAV12-1*01","TRAJ43*01","TRBV2*01","TRBJ2-2*01",0,"A*02:01",NA,NA,NA,NA,NA
"653",NA,NA,NA,NA,NA,NA,NA,NA,NA,NA,NA,"gene_usage",NA,NA,NA,"TRAV12-1*01","TRAJ49*01","TRBV5-6*01","TRBJ2-2*01",0,"A*02:01",NA,NA,NA,NA,NA
"656",NA,NA,NA,NA,NA,NA,NA,NA,NA,NA,NA,"gene_usage",NA,NA,NA,"TRAV12-1*01","TRAJ43*01","TRBV5-1*01","TRBJ2-2*01",0,"A*02:01",NA,NA,NA,NA,NA
"658",NA,NA,NA,NA,NA,NA,NA,NA,NA,NA,NA,"gene_usage",NA,NA,NA,"TRAV12-1*01","TRAJ43*01","TRBV2*01","TRBJ2-7*01",0,"A*02:01",NA,NA,NA,NA,NA
"1038",NA,NA,NA,NA,NA,NA,NA,NA,NA,NA,NA,"gene_usage",NA,NA,NA,"TRAV12-1*01","TRAJ34*01","TRBV7-8*01","TRBJ2-2*01",0,"A*02:01",NA,NA,NA,NA,NA
"1039",NA,NA,NA,NA,NA,NA,NA,NA,NA,NA,NA,"gene_usage",NA,NA,NA,"TRAV12-1*01","TRAJ43*01","TRBV10-2*01","TRBJ2-2*01",0,"A*02:01",NA,NA,NA,NA,NA
"1040",NA,NA,NA,NA,NA,NA,NA,NA,NA,NA,NA,"gene_usage",NA,NA,NA,"TRAV12-1*01","TRAJ15*01","TRBV12-5*01","TRBJ2-2*01",0,"A*02:01",NA,NA,NA,NA,NA
"1286",NA,NA,NA,NA,NA,NA,NA,NA,NA,NA,NA,"gene_usage",NA,NA,NA,"TRAV12-2*01","TRAJ34*01","TRBV7-8*01","TRBJ2-2*01",0,"A*02:01",NA,NA,NA,NA,NA
"1371",NA,NA,NA,NA,NA,NA,NA,NA,NA,NA,NA,"gene_usage",NA,NA,NA,"TRAV12-1*01","TRAJ43*01","TRBV7-8*01","TRBJ2-2*01",0,"A*02:01",NA,NA,NA,NA,NA
"1372",NA,NA,NA,NA,NA,NA,NA,NA,NA,NA,NA,"gene_usage",NA,NA,NA,"TRAV12-1*01","TRAJ43*01","TRBV15*01","TRBJ2-2*01",0,"A*02:01",NA,NA,NA,NA,NA
"1374",NA,NA,NA,NA,NA,NA,NA,NA,NA,NA,NA,"gene_usage",NA,NA,NA,"TRAV12-1*01","TRAJ43*01","TRBV2*01","TRBJ2-2*01",0,"A*02:01",NA,NA,NA,NA,NA
"1375",NA,NA,NA,NA,NA,NA,NA,NA,NA,NA,NA,"gene_usage",NA,NA,NA,"TRAV12-1*01","TRAJ47*01","TRBV2*01","TRBJ2-2*01",0,"A*02:01",NA,NA,NA,NA,NA
"1381",NA,NA,NA,NA,NA,NA,NA,NA,NA,NA,NA,"gene_usage",NA,NA,NA,"TRAV12-1*01","TRAJ34*01","TRBV7-9*01","TRBJ2-2*01",0,"A*02:01",NA,NA,NA,NA,NA
"1384",NA,NA,NA,NA,NA,NA,NA,NA,NA,NA,NA,"gene_usage",NA,NA,NA,"TRAV12-1*01","TRAJ41*01","TRBV24-1*01","TRBJ2-2*01",0,"A*02:01",NA,NA,NA,NA,NA
"1385",NA,NA,NA,NA,NA,NA,NA,NA,NA,NA,NA,"gene_usage",NA,NA,NA,"TRAV12-1*01","TRAJ43*01","TRBV2*01","TRBJ2-2*01",0,"A*02:01",NA,NA,NA,NA,NA
"1388",NA,NA,NA,NA,NA,NA,NA,NA,NA,NA,NA,"gene_usage",NA,NA,NA,"TRAV12-1*01","TRAJ43*01","TRBV5-4*01","TRBJ2-2*01",0,"A*02:01",NA,NA,NA,NA,NA
"1389",NA,NA,NA,NA,NA,NA,NA,NA,NA,NA,NA,"gene_usage",NA,NA,NA,"TRAV12-1*01","TRAJ34*01","TRBV7-8*01","TRBJ2-2*01",0,"A*02:01",NA,NA,NA,NA,NA
"1390",NA,NA,NA,NA,NA,NA,NA,NA,NA,NA,NA,"gene_usage",NA,NA,NA,"TRAV12-1*01","TRAJ43*01","TRBV15*01","TRBJ2-2*01",0,"A*02:01",NA,NA,NA,NA,NA
"1391",NA,NA,NA,NA,NA,NA,NA,NA,NA,NA,NA,"gene_usage",NA,NA,NA,"TRAV12-1*01","TRAJ43*01","TRBV5-1*01","TRBJ2-2*01",0,"A*02:01",NA,NA,NA,NA,NA
"1392",NA,NA,NA,NA,NA,NA,NA,NA,NA,NA,NA,"gene_usage",NA,NA,NA,"TRAV12-1*01","TRAJ34*01","TRBV7-9*01","TRBJ2-2*01",0,"A*02:01",NA,NA,NA,NA,NA
"1393",NA,NA,NA,NA,NA,NA,NA,NA,NA,NA,NA,"gene_usage",NA,NA,NA,"TRAV12-1*01","TRAJ20*01","TRBV7-3*01","TRBJ2-2*01",0,"A*02:01",NA,NA,NA,NA,NA
"1394",NA,NA,NA,NA,NA,NA,NA,NA,NA,NA,NA,"gene_usage",NA,NA,NA,"TRAV12-1*01","TRAJ43*01","TRBV7-8*01","TRBJ2-2*01",0,"A*02:01",NA,NA,NA,NA,NA
"1395",NA,NA,NA,NA,NA,NA,NA,NA,NA,NA,NA,"gene_usage",NA,NA,NA,"TRAV12-1*01","TRAJ34*01","TRBV4-3*01","TRBJ2-2*01",0,"A*02:01",NA,NA,NA,NA,NA
"1397",NA,NA,NA,NA,NA,NA,NA,NA,NA,NA,NA,"gene_usage",NA,NA,NA,"TRAV12-1*01","TRAJ43*01","TRBV2*01","TRBJ2-2*01",0,"A*02:01",NA,NA,NA,NA,NA
"1398",NA,NA,NA,NA,NA,NA,NA,NA,NA,NA,NA,"gene_usage",NA,NA,NA,"TRAV12-1*01","TRAJ43*01","TRBV2*01","TRBJ2-2*01",0,"A*02:01",NA,NA,NA,NA,NA
"1399",NA,NA,NA,NA,NA,NA,NA,NA,NA,NA,NA,"gene_usage",NA,NA,NA,"TRAV12-1*01","TRAJ43*01","TRBV24-1*01","TRBJ2-2*01",0,"A*02:01",NA,NA,NA,NA,NA
"1401",NA,NA,NA,NA,NA,NA,NA,NA,NA,NA,NA,"gene_usage",NA,NA,NA,"TRAV12-1*01","TRAJ43*01","TRBV28*01","TRBJ2-2*01",0,"A*02:01",NA,NA,NA,NA,NA
"1402",NA,NA,NA,NA,NA,NA,NA,NA,NA,NA,NA,"gene_usage",NA,NA,NA,"TRAV12-1*01","TRAJ43*01","TRBV7-8*01","TRBJ2-2*01",0,"A*02:01",NA,NA,NA,NA,NA
"1403",NA,NA,NA,NA,NA,NA,NA,NA,NA,NA,NA,"gene_usage",NA,NA,NA,"TRAV12-1*01","TRAJ43*01","TRBV2*01","TRBJ2-2*01",0,"A*02:01",NA,NA,NA,NA,NA
"1405",NA,NA,NA,NA,NA,NA,NA,NA,NA,NA,NA,"gene_usage",NA,NA,NA,"TRAV12-1*01","TRAJ43*01","TRBV2*01","TRBJ2-2*01",0,"A*02:01",NA,NA,NA,NA,NA
"1407",NA,NA,NA,NA,NA,NA,NA,NA,NA,NA,NA,"gene_usage",NA,NA,NA,"TRAV12-1*01","TRAJ43*01","TRBV7-9*01","TRBJ2-2*01",0,"A*02:01",NA,NA,NA,NA,NA
"1409",NA,NA,NA,NA,NA,NA,NA,NA,NA,NA,NA,"gene_usage",NA,NA,NA,"TRAV12-1*01","TRAJ43*01","TRBV7-8*01","TRBJ2-2*01",0,"A*02:01",NA,NA,NA,NA,NA
"1410",NA,NA,NA,NA,NA,NA,NA,NA,NA,NA,NA,"gene_usage",NA,NA,NA,"TRAV12-1*01","TRAJ43*01","TRBV7-8*01","TRBJ2-2*01",0,"A*02:01",NA,NA,NA,NA,NA
"1411",NA,NA,NA,NA,NA,NA,NA,NA,NA,NA,NA,"gene_usage",NA,NA,NA,"TRAV12-1*01","TRAJ43*01","TRBV4-3*01","TRBJ2-2*01",0,"A*02:01",NA,NA,NA,NA,NA
"1412",NA,NA,NA,NA,NA,NA,NA,NA,NA,NA,NA,"gene_usage",NA,NA,NA,"TRAV12-1*01","TRAJ43*01","TRBV19*01","TRBJ2-2*01",0,"A*02:01",NA,NA,NA,NA,NA
"1413",NA,NA,NA,NA,NA,NA,NA,NA,NA,NA,NA,"gene_usage",NA,NA,NA,"TRAV12-1*01","TRAJ43*01","TRBV6-5*01","TRBJ2-2*01",0,"A*02:01",NA,NA,NA,NA,NA
"1416",NA,NA,NA,NA,NA,NA,NA,NA,NA,NA,NA,"gene_usage",NA,NA,NA,"TRAV12-1*01","TRAJ43*01","TRBV6-5*01","TRBJ2-2*01",0,"A*02:01",NA,NA,NA,NA,NA
"1417",NA,NA,NA,NA,NA,NA,NA,NA,NA,NA,NA,"gene_usage",NA,NA,NA,"TRAV12-1*01","TRAJ43*01","TRBV15*01","TRBJ2-2*01",0,"A*02:01",NA,NA,NA,NA,NA
"1418",NA,NA,NA,NA,NA,NA,NA,NA,NA,NA,NA,"gene_usage",NA,NA,NA,"TRAV12-1*01","TRAJ43*01","TRBV15*01","TRBJ2-2*01",0,"A*02:01",NA,NA,NA,NA,NA
"1419",NA,NA,NA,NA,NA,NA,NA,NA,NA,NA,NA,"gene_usage",NA,NA,NA,"TRAV12-1*01","TRAJ43*01","TRBV20-1*01","TRBJ2-2*01",0,"A*02:01",NA,NA,NA,NA,NA
"1423",NA,NA,NA,NA,NA,NA,NA,NA,NA,NA,NA,"gene_usage",NA,NA,NA,"TRAV12-1*01","TRAJ47*01","TRBV15*01","TRBJ2-2*01",0,"A*02:01",NA,NA,NA,NA,NA
"1424",NA,NA,NA,NA,NA,NA,NA,NA,NA,NA,NA,"gene_usage",NA,NA,NA,"TRAV12-1*01","TRAJ43*01","TRBV2*01","TRBJ1-3*01",0,"A*02:01",NA,NA,NA,NA,NA
"1425",NA,NA,NA,NA,NA,NA,NA,NA,NA,NA,NA,"gene_usage",NA,NA,NA,"TRAV12-1*01","TRAJ34*01","TRBV2*01","TRBJ2-2*01",0,"A*02:01",NA,NA,NA,NA,NA
"1428",NA,NA,NA,NA,NA,NA,NA,NA,NA,NA,NA,"gene_usage",NA,NA,NA,"TRAV12-1*01","TRAJ34*01","TRBV2*01","TRBJ2-2*01",0,"A*02:01",NA,NA,NA,NA,NA
"2072",NA,NA,NA,NA,NA,NA,NA,NA,NA,NA,NA,"gene_usage",NA,NA,NA,"TRAV12-1*01","TRAJ43*01","TRBV7-8*01","TRBJ2-2*01",0,"A*02:01",NA,NA,NA,NA,NA
"2301",NA,NA,NA,NA,NA,NA,NA,NA,NA,NA,NA,"gene_usage",NA,NA,NA,"TRAV12-1*01","TRAJ34*01","TRBV7-9*01","TRBJ2-2*01",0,"A*02:01",NA,NA,NA,NA,NA
"2303",NA,NA,NA,NA,NA,NA,NA,NA,NA,NA,NA,"gene_usage",NA,NA,NA,"TRAV12-1*01","TRAJ39*01","TRBV15*01","TRBJ2-2*01",0,"A*02:01",NA,NA,NA,NA,NA
"2307",NA,NA,NA,NA,NA,NA,NA,NA,NA,NA,NA,"gene_usage",NA,NA,NA,"TRAV12-1*01","TRAJ43*01","TRBV7-8*01","TRBJ2-2*01",0,"A*02:01",NA,NA,NA,NA,NA
"2309",NA,NA,NA,NA,NA,NA,NA,NA,NA,NA,NA,"gene_usage",NA,NA,NA,"TRAV12-1*01","TRAJ30*01","TRBV29-1*01","TRBJ1-1*01",0,"A*02:01",NA,NA,NA,NA,NA
"2312",NA,NA,NA,NA,NA,NA,NA,NA,NA,NA,NA,"gene_usage",NA,NA,NA,"TRAV12-1*01","TRAJ43*01","TRBV30*01","TRBJ2-2*01",0,"A*02:01",NA,NA,NA,NA,NA
"3328",NA,NA,NA,NA,NA,NA,NA,NA,NA,NA,NA,"gene_usage",NA,NA,NA,"TRAV12-1*01","TRAJ43*01","TRBV19*01","TRBJ2-2*01",0,"A*02:01",NA,NA,NA,NA,NA
"3329",NA,NA,NA,NA,NA,NA,NA,NA,NA,NA,NA,"gene_usage",NA,NA,NA,"TRAV12-1*01","TRAJ34*01","TRBV2*01","TRBJ2-2*01",0,"A*02:01",NA,NA,NA,NA,NA
"3332",NA,NA,NA,NA,NA,NA,NA,NA,NA,NA,NA,"gene_usage",NA,NA,NA,"TRAV12-1*01","TRAJ43*01","TRBV5-4*01","TRBJ2-2*01",0,"A*02:01",NA,NA,NA,NA,NA
"3335",NA,NA,NA,NA,NA,NA,NA,NA,NA,NA,NA,"gene_usage",NA,NA,NA,"TRAV12-1*01","TRAJ30*01","TRBV7-9*01","TRBJ2-2*01",0,"A*02:01",NA,NA,NA,NA,NA
"3336",NA,NA,NA,NA,NA,NA,NA,NA,NA,NA,NA,"gene_usage",NA,NA,NA,"TRAV12-1*01","TRAJ30*01","TRBV2*01","TRBJ2-2*01",0,"A*02:01",NA,NA,NA,NA,NA
"3338",NA,NA,NA,NA,NA,NA,NA,NA,NA,NA,NA,"gene_usage",NA,NA,NA,"TRAV12-1*01","TRAJ43*01","TRBV2*01","TRBJ2-2*01",0,"A*02:01",NA,NA,NA,NA,NA
"3339",NA,NA,NA,NA,NA,NA,NA,NA,NA,NA,NA,"gene_usage",NA,NA,NA,"TRAV12-1*01","TRAJ43*01","TRBV15*01","TRBJ2-2*01",0,"A*02:01",NA,NA,NA,NA,NA
"3340",NA,NA,NA,NA,NA,NA,NA,NA,NA,NA,NA,"gene_usage",NA,NA,NA,"TRAV12-1*01","TRAJ43*01","TRBV2*01","TRBJ2-2*01",0,"A*02:01",NA,NA,NA,NA,NA
"3341",NA,NA,NA,NA,NA,NA,NA,NA,NA,NA,NA,"gene_usage",NA,NA,NA,"TRAV12-1*01","TRAJ43*01","TRBV5-1*01","TRBJ2-2*01",0,"A*02:01",NA,NA,NA,NA,NA
"3342",NA,NA,NA,NA,NA,NA,NA,NA,NA,NA,NA,"gene_usage",NA,NA,NA,"TRAV12-1*01","TRAJ43*01","TRBV19*01","TRBJ2-2*01",0,"A*02:01",NA,NA,NA,NA,NA
"3345",NA,NA,NA,NA,NA,NA,NA,NA,NA,NA,NA,"gene_usage",NA,NA,NA,"TRAV12-1*01","TRAJ43*01","TRBV5-1*01","TRBJ2-2*01",0,"A*02:01",NA,NA,NA,NA,NA
"3346",NA,NA,NA,NA,NA,NA,NA,NA,NA,NA,NA,"gene_usage",NA,NA,NA,"TRAV12-1*01","TRAJ43*01","TRBV4-3*01","TRBJ1-2*01",0,"A*02:01",NA,NA,NA,NA,NA
"3347",NA,NA,NA,NA,NA,NA,NA,NA,NA,NA,NA,"gene_usage",NA,NA,NA,"TRAV12-1*01","TRAJ43*01","TRBV7-8*01","TRBJ2-2*01",0,"A*02:01",NA,NA,NA,NA,NA
"3348",NA,NA,NA,NA,NA,NA,NA,NA,NA,NA,NA,"gene_usage",NA,NA,NA,"TRAV12-1*01","TRAJ34*01","TRBV2*01","TRBJ2-2*01",0,"A*02:01",NA,NA,NA,NA,NA
"3351",NA,NA,NA,NA,NA,NA,NA,NA,NA,NA,NA,"gene_usage",NA,NA,NA,"TRAV12-1*01","TRAJ43*01","TRBV7-8*01","TRBJ2-2*01",0,"A*02:01",NA,NA,NA,NA,NA
"3354",NA,NA,NA,NA,NA,NA,NA,NA,NA,NA,NA,"gene_usage",NA,NA,NA,"TRAV12-1*01","TRAJ43*01","TRBV7-8*01","TRBJ2-2*01",0,"A*02:01",NA,NA,NA,NA,NA
"3355",NA,NA,NA,NA,NA,NA,NA,NA,NA,NA,NA,"gene_usage",NA,NA,NA,"TRAV12-1*01","TRAJ39*01","TRBV15*01","TRBJ2-2*01",0,"A*02:01",NA,NA,NA,NA,NA
"3356",NA,NA,NA,NA,NA,NA,NA,NA,NA,NA,NA,"gene_usage",NA,NA,NA,"TRAV12-1*01","TRAJ43*01","TRBV5-1*01","TRBJ2-2*01",0,"A*02:01",NA,NA,NA,NA,NA
"3357",NA,NA,NA,NA,NA,NA,NA,NA,NA,NA,NA,"gene_usage",NA,NA,NA,"TRAV12-1*01","TRAJ43*01","TRBV7-8*01","TRBJ2-2*01",0,"A*02:01",NA,NA,NA,NA,NA
"3358",NA,NA,NA,NA,NA,NA,NA,NA,NA,NA,NA,"gene_usage",NA,NA,NA,"TRAV12-1*01","TRAJ43*01","TRBV7-8*01","TRBJ2-2*01",0,"A*02:01",NA,NA,NA,NA,NA
"3359",NA,NA,NA,NA,NA,NA,NA,NA,NA,NA,NA,"gene_usage",NA,NA,NA,"TRAV12-1*01","TRAJ43*01","TRBV6-5*01","TRBJ2-2*01",0,"A*02:01",NA,NA,NA,NA,NA
"3360",NA,NA,NA,NA,NA,NA,NA,NA,NA,NA,NA,"gene_usage",NA,NA,NA,"TRAV12-1*01","TRAJ43*01","TRBV6-5*01","TRBJ2-2*01",0,"A*02:01",NA,NA,NA,NA,NA
"3361",NA,NA,NA,NA,NA,NA,NA,NA,NA,NA,NA,"gene_usage",NA,NA,NA,"TRAV12-1*01","TRAJ47*01","TRBV28*01","TRBJ2-2*01",0,"A*02:01",NA,NA,NA,NA,NA
"3363",NA,NA,NA,NA,NA,NA,NA,NA,NA,NA,NA,"gene_usage",NA,NA,NA,"TRAV12-1*01","TRAJ43*01","TRBV29-1*01","TRBJ2-2*01",0,"A*02:01",NA,NA,NA,NA,NA
"3367",NA,NA,NA,NA,NA,NA,NA,NA,NA,NA,NA,"gene_usage",NA,NA,NA,"TRAV12-1*01","TRAJ43*01","TRBV19*01","TRBJ2-2*01",0,"A*02:01",NA,NA,NA,NA,NA
"3368",NA,NA,NA,NA,NA,NA,NA,NA,NA,NA,NA,"gene_usage",NA,NA,NA,"TRAV12-1*01","TRAJ43*01","TRBV24-1*01","TRBJ2-2*01",0,"A*02:01",NA,NA,NA,NA,NA
"3369",NA,NA,NA,NA,NA,NA,NA,NA,NA,NA,NA,"gene_usage",NA,NA,NA,"TRAV12-1*01","TRAJ43*01","TRBV2*01","TRBJ2-2*01",0,"A*02:01",NA,NA,NA,NA,NA
"3370",NA,NA,NA,NA,NA,NA,NA,NA,NA,NA,NA,"gene_usage",NA,NA,NA,"TRAV12-1*01","TRAJ43*01","TRBV20-1*01","TRBJ2-2*01",0,"A*02:01",NA,NA,NA,NA,NA
"3371",NA,NA,NA,NA,NA,NA,NA,NA,NA,NA,NA,"gene_usage",NA,NA,NA,"TRAV12-1*01","TRAJ43*01","TRBV19*01","TRBJ2-2*01",0,"A*02:01",NA,NA,NA,NA,NA
"3373",NA,NA,NA,NA,NA,NA,NA,NA,NA,NA,NA,"gene_usage",NA,NA,NA,"TRAV12-1*01","TRAJ43*01","TRBV6-5*01","TRBJ2-2*01",0,"A*02:01",NA,NA,NA,NA,NA
"3374",NA,NA,NA,NA,NA,NA,NA,NA,NA,NA,NA,"gene_usage",NA,NA,NA,"TRAV12-1*01","TRAJ43*01","TRBV2*01","TRBJ2-2*01",0,"A*02:01",NA,NA,NA,NA,NA
"3376",NA,NA,NA,NA,NA,NA,NA,NA,NA,NA,NA,"gene_usage",NA,NA,NA,"TRAV12-1*01","TRAJ43*01","TRBV5-1*01","TRBJ2-2*01",0,"A*02:01",NA,NA,NA,NA,NA
"3379",NA,NA,NA,NA,NA,NA,NA,NA,NA,NA,NA,"gene_usage",NA,NA,NA,"TRAV12-1*01","TRAJ34*01","TRBV2*01","TRBJ2-2*01",0,"A*02:01",NA,NA,NA,NA,NA
"3380",NA,NA,NA,NA,NA,NA,NA,NA,NA,NA,NA,"gene_usage",NA,NA,NA,"TRAV12-1*01","TRAJ43*01","TRBV7-8*01","TRBJ2-2*01",0,"A*02:01",NA,NA,NA,NA,NA
"3383",NA,NA,NA,NA,NA,NA,NA,NA,NA,NA,NA,"gene_usage",NA,NA,NA,"TRAV12-1*01","TRAJ43*01","TRBV2*01","TRBJ2-2*01",0,"A*02:01",NA,NA,NA,NA,NA
"3661",NA,NA,NA,NA,NA,NA,NA,NA,NA,NA,NA,"gene_usage",NA,NA,NA,"TRAV12-2*01","TRAJ34*01","TRBV7-8*01","TRBJ2-2*01",0,"A*02:01",NA,NA,NA,NA,NA
"3786",NA,NA,NA,NA,NA,NA,NA,NA,NA,NA,NA,"gene_usage",NA,NA,NA,"TRAV12-1*01","TRAJ7*01","TRBV7-2*01","TRBJ2-2*01",0,"A*02:01",NA,NA,NA,NA,NA
"3788",NA,NA,NA,NA,NA,NA,NA,NA,NA,NA,NA,"gene_usage",NA,NA,NA,"TRAV12-1*01","TRAJ39*01","TRBV19*01","TRBJ2-2*01",0,"A*02:01",NA,NA,NA,NA,NA
"3791",NA,NA,NA,NA,NA,NA,NA,NA,NA,NA,NA,"gene_usage",NA,NA,NA,"TRAV12-1*01","TRAJ34*01","TRBV9*01","TRBJ2-2*01",0,"A*02:01",NA,NA,NA,NA,NA
"3793",NA,NA,NA,NA,NA,NA,NA,NA,NA,NA,NA,"gene_usage",NA,NA,NA,"TRAV12-1*01","TRAJ43*01","TRBV2*01","TRBJ2-2*01",0,"A*02:01",NA,NA,NA,NA,NA
"3794",NA,NA,NA,NA,NA,NA,NA,NA,NA,NA,NA,"gene_usage",NA,NA,NA,"TRAV12-1*01","TRAJ43*01","TRBV29-1*01","TRBJ2-2*01",0,"A*02:01",NA,NA,NA,NA,NA
"3795",NA,NA,NA,NA,NA,NA,NA,NA,NA,NA,NA,"gene_usage",NA,NA,NA,"TRAV12-1*01","TRAJ43*01","TRBV2*01","TRBJ2-2*01",0,"A*02:01",NA,NA,NA,NA,NA
"3797",NA,NA,NA,NA,NA,NA,NA,NA,NA,NA,NA,"gene_usage",NA,NA,NA,"TRAV12-1*01","TRAJ31*01","TRBV7-9*01","TRBJ2-2*01",0,"A*02:01",NA,NA,NA,NA,NA
"3798",NA,NA,NA,NA,NA,NA,NA,NA,NA,NA,NA,"gene_usage",NA,NA,NA,"TRAV12-1*01","TRAJ43*01","TRBV5-1*01","TRBJ2-2*01",0,"A*02:01",NA,NA,NA,NA,NA
"3800",NA,NA,NA,NA,NA,NA,NA,NA,NA,NA,NA,"gene_usage",NA,NA,NA,"TRAV12-1*01","TRAJ39*01","TRBV15*01","TRBJ2-2*01",0,"A*02:01",NA,NA,NA,NA,NA
"3804",NA,NA,NA,NA,NA,NA,NA,NA,NA,NA,NA,"gene_usage",NA,NA,NA,"TRAV12-1*01","TRAJ43*01","TRBV27*01","TRBJ2-2*01",0,"A*02:01",NA,NA,NA,NA,NA
"3805",NA,NA,NA,NA,NA,NA,NA,NA,NA,NA,NA,"gene_usage",NA,NA,NA,"TRAV12-1*01","TRAJ43*01","TRBV19*01","TRBJ2-2*01",0,"A*02:01",NA,NA,NA,NA,NA
"3806",NA,NA,NA,NA,NA,NA,NA,NA,NA,NA,NA,"gene_usage",NA,NA,NA,"TRAV12-1*01","TRAJ43*01","TRBV5-1*01","TRBJ2-2*01",0,"A*02:01",NA,NA,NA,NA,NA
"3807",NA,NA,NA,NA,NA,NA,NA,NA,NA,NA,NA,"gene_usage",NA,NA,NA,"TRAV12-1*01","TRAJ43*01","TRBV19*01","TRBJ2-2*01",0,"A*02:01",NA,NA,NA,NA,NA
"3808",NA,NA,NA,NA,NA,NA,NA,NA,NA,NA,NA,"gene_usage",NA,NA,NA,"TRAV12-1*01","TRAJ43*01","TRBV24-1*01","TRBJ2-2*01",0,"A*02:01",NA,NA,NA,NA,NA
"3811",NA,NA,NA,NA,NA,NA,NA,NA,NA,NA,NA,"gene_usage",NA,NA,NA,"TRAV12-1*01","TRAJ43*01","TRBV20-1*01","TRBJ2-2*01",0,"A*02:01",NA,NA,NA,NA,NA
"4205",NA,NA,NA,NA,NA,NA,NA,NA,NA,NA,NA,"gene_usage",NA,NA,NA,"TRAV12-1*01","TRAJ43*01","TRBV2*01","TRBJ2-2*01",0,"A*02:01",NA,NA,NA,NA,NA
"4207",NA,NA,NA,NA,NA,NA,NA,NA,NA,NA,NA,"gene_usage",NA,NA,NA,"TRAV12-1*01","TRAJ43*01","TRBV2*01","TRBJ2-2*01",0,"A*02:01",NA,NA,NA,NA,NA
"4213",NA,NA,NA,NA,NA,NA,NA,NA,NA,NA,NA,"gene_usage",NA,NA,NA,"TRAV12-1*01","TRAJ43*01","TRBV6-5*01","TRBJ2-2*01",0,"A*02:01",NA,NA,NA,NA,NA
"4218",NA,NA,NA,NA,NA,NA,NA,NA,NA,NA,NA,"gene_usage",NA,NA,NA,"TRAV12-1*01","TRAJ43*01","TRBV30*01","TRBJ2-2*01",0,"A*02:01",NA,NA,NA,NA,NA
"4219",NA,NA,NA,NA,NA,NA,NA,NA,NA,NA,NA,"gene_usage",NA,NA,NA,"TRAV12-1*01","TRAJ43*01","TRBV7-8*01","TRBJ2-2*01",0,"A*02:01",NA,NA,NA,NA,NA
